user,churn,predicted_churn
20839,0.0,1
15359,1.0,0
34210,1.0,0
57608,1.0,1
11790,0.0,0
1826,1.0,1
8508,0.0,1
50946,1.0,1
50130,1.0,0
55422,0.0,1
259,1.0,1
17451,0.0,0
41909,0.0,0
38825,0.0,1
19314,1.0,1
26916,0.0,0
30614,0.0,1
30329,1.0,1
38853,0.0,1
15592,1.0,1
40888,0.0,1
17918,1.0,0
52613,0.0,0
725,0.0,1
51797,0.0,0
2601,0.0,0
33990,0.0,1
10006,0.0,0
19296,1.0,0
12135,1.0,0
3148,0.0,1
49735,1.0,0
48148,1.0,0
55262,1.0,1
23353,0.0,1
25822,1.0,0
33578,0.0,0
53068,0.0,0
53886,0.0,1
21292,0.0,1
9495,1.0,1
714,0.0,1
21279,0.0,1
53947,0.0,1
53017,1.0,0
32970,0.0,0
28650,1.0,0
46234,0.0,0
17049,1.0,0
10879,1.0,1
64210,1.0,1
18142,0.0,0
11270,0.0,0
25875,1.0,1
68029,0.0,0
57273,1.0,1
1426,0.0,0
14371,1.0,1
65512,1.0,0
39897,0.0,0
32378,0.0,1
30967,1.0,1
30556,1.0,1
18664,0.0,0
25755,1.0,1
29060,1.0,1
19792,1.0,1
37082,0.0,1
20444,0.0,1
58129,1.0,1
53060,0.0,0
25138,0.0,0
38552,0.0,1
65308,0.0,1
34814,0.0,1
16029,1.0,1
9603,0.0,0
46582,1.0,1
54373,0.0,1
6504,1.0,1
25624,1.0,1
47107,1.0,1
53729,1.0,1
37896,0.0,1
2215,1.0,0
55932,1.0,1
38040,0.0,0
65694,1.0,1
55824,1.0,0
29742,0.0,1
43425,1.0,1
22835,0.0,1
50540,0.0,1
7410,0.0,1
5285,1.0,0
54347,0.0,0
40932,1.0,0
58963,0.0,0
34980,1.0,1
57432,0.0,0
7289,0.0,1
28423,0.0,1
23953,0.0,0
22064,0.0,0
20942,1.0,1
31754,0.0,1
31379,0.0,1
53508,1.0,1
5308,0.0,1
28361,0.0,1
53191,1.0,1
63778,0.0,1
16593,0.0,1
31939,1.0,0
52648,0.0,1
27610,0.0,0
17432,1.0,1
61426,0.0,1
49477,1.0,1
29468,1.0,1
63462,1.0,0
47784,1.0,1
33051,0.0,0
57116,1.0,1
55790,0.0,1
16697,1.0,1
12973,1.0,0
5945,0.0,1
6605,0.0,1
57818,0.0,0
69523,0.0,1
21166,0.0,0
16146,0.0,0
43056,0.0,1
58492,1.0,1
23067,0.0,1
28748,0.0,0
64448,0.0,1
25634,0.0,1
672,1.0,0
53360,1.0,1
65648,0.0,1
67691,1.0,1
56918,1.0,1
15345,1.0,1
14486,1.0,0
18674,0.0,0
64442,0.0,1
31438,0.0,1
1525,1.0,1
43028,1.0,1
47730,0.0,1
54160,1.0,1
6318,0.0,1
21325,0.0,1
67953,0.0,0
25064,1.0,1
40933,0.0,1
24381,0.0,0
48901,0.0,1
14313,0.0,1
23723,0.0,1
7547,0.0,0
20330,0.0,1
68981,1.0,1
15108,0.0,1
7493,1.0,0
60342,1.0,0
7787,1.0,0
35103,1.0,0
38,0.0,1
62150,0.0,0
3696,1.0,1
52526,0.0,1
54121,0.0,0
8353,0.0,0
23763,0.0,0
41922,1.0,0
26601,0.0,1
33810,1.0,1
52824,0.0,0
55020,1.0,1
18996,0.0,1
62408,1.0,0
63077,0.0,0
24687,0.0,1
10206,0.0,1
65255,1.0,0
62667,0.0,1
3836,0.0,0
6227,0.0,0
51427,0.0,0
7368,1.0,1
12049,1.0,1
5463,0.0,0
24567,1.0,0
22104,0.0,1
42042,0.0,0
52592,1.0,0
51516,0.0,1
24158,0.0,1
48330,1.0,1
62061,0.0,0
37042,1.0,1
22808,1.0,1
16650,0.0,0
63528,0.0,1
53364,1.0,1
5086,1.0,1
3938,0.0,0
38875,0.0,1
36079,0.0,0
3969,0.0,0
8556,0.0,1
33288,0.0,1
8217,1.0,1
40042,0.0,0
55003,1.0,0
2481,0.0,0
65784,0.0,0
8664,1.0,1
22992,0.0,0
37908,0.0,1
15600,0.0,1
4287,0.0,0
66733,0.0,0
32287,0.0,0
14519,1.0,0
29216,0.0,0
18882,1.0,0
9043,1.0,1
45123,0.0,0
27900,0.0,0
9268,0.0,0
10651,0.0,1
64229,1.0,0
34431,1.0,0
19781,1.0,1
20562,1.0,0
53363,0.0,1
65420,0.0,0
19271,1.0,1
38158,1.0,0
23465,1.0,0
38350,0.0,1
45525,1.0,1
21110,1.0,1
63948,1.0,1
41532,0.0,1
1496,0.0,1
3559,0.0,1
30862,1.0,1
28932,1.0,1
34839,1.0,0
40910,1.0,0
48239,1.0,1
42204,1.0,1
15497,1.0,1
4825,1.0,1
10570,1.0,0
56615,0.0,1
16189,0.0,0
55981,0.0,1
68909,1.0,1
54117,0.0,0
51881,1.0,0
9261,0.0,0
37165,1.0,1
59039,1.0,1
56646,0.0,0
12503,1.0,1
24146,0.0,1
44004,1.0,0
7398,1.0,1
43506,0.0,0
12218,0.0,0
2761,0.0,0
38688,1.0,1
40282,0.0,1
48660,1.0,0
56979,1.0,1
17449,1.0,1
24721,0.0,1
11141,0.0,1
36145,0.0,1
56677,1.0,0
26125,1.0,1
24344,0.0,0
39683,0.0,0
51567,0.0,1
21352,0.0,0
45377,0.0,1
29383,0.0,0
40888,0.0,0
27794,1.0,1
55441,0.0,0
11943,0.0,0
42612,0.0,1
21044,1.0,0
51133,0.0,1
47636,1.0,1
15890,0.0,1
8210,0.0,1
38094,0.0,1
64220,1.0,0
56042,1.0,1
22292,0.0,1
27146,0.0,1
10848,1.0,0
28041,1.0,0
57949,0.0,0
21057,1.0,0
41008,0.0,1
8059,1.0,0
7183,1.0,0
12560,0.0,0
48284,1.0,0
8867,1.0,1
38434,1.0,1
51453,0.0,1
61389,1.0,0
63086,0.0,0
983,1.0,1
42238,0.0,0
16031,0.0,0
51369,0.0,1
48788,0.0,0
53571,0.0,0
68484,0.0,1
26175,1.0,1
63621,0.0,0
55263,1.0,0
962,0.0,1
13947,0.0,0
51551,0.0,1
37098,0.0,1
57183,1.0,0
52794,0.0,1
31473,1.0,1
57549,0.0,1
33904,0.0,1
43046,1.0,1
33085,1.0,1
27579,0.0,1
36308,1.0,1
4581,0.0,0
31633,0.0,1
41201,1.0,1
24464,0.0,1
51243,1.0,0
59733,1.0,1
55323,0.0,0
50113,1.0,1
46663,0.0,0
43694,1.0,0
19175,1.0,1
14741,0.0,1
34592,0.0,0
64461,0.0,1
20193,0.0,1
30703,1.0,0
33944,0.0,1
24355,0.0,1
24252,1.0,1
48559,0.0,0
17952,0.0,0
7729,0.0,1
22740,1.0,1
5624,1.0,1
35599,0.0,1
58327,0.0,0
31865,0.0,1
13126,0.0,1
1965,1.0,0
39397,0.0,1
3158,1.0,0
24628,1.0,1
8018,0.0,1
48887,1.0,0
56774,1.0,1
42349,1.0,1
13041,0.0,1
63338,1.0,0
42676,0.0,1
14056,1.0,0
34875,1.0,1
7352,1.0,0
2320,1.0,0
23953,0.0,0
22794,1.0,1
37898,0.0,0
44556,1.0,0
49491,0.0,1
56536,0.0,0
11363,1.0,1
25598,1.0,0
42287,0.0,1
4889,1.0,1
19972,1.0,0
24248,0.0,1
45722,0.0,1
3418,1.0,0
65687,0.0,1
17413,0.0,1
65523,0.0,1
3980,1.0,1
16354,1.0,0
26997,1.0,0
2742,0.0,1
63919,0.0,1
35644,0.0,1
54678,1.0,1
45564,0.0,0
2303,0.0,1
23335,0.0,1
67164,0.0,1
5430,1.0,1
39117,1.0,1
23940,0.0,1
34086,1.0,1
24219,0.0,1
39224,0.0,1
19066,1.0,1
21636,1.0,1
26240,0.0,1
31506,1.0,1
31218,1.0,1
33431,0.0,1
28291,0.0,1
3291,0.0,0
9413,1.0,1
37166,0.0,0
29101,1.0,0
5626,0.0,1
34904,1.0,1
36937,0.0,0
68883,1.0,1
55480,0.0,0
46256,1.0,0
44965,0.0,0
7336,0.0,1
18112,0.0,1
13203,0.0,1
50788,1.0,1
7735,0.0,0
23922,1.0,0
17880,1.0,1
44851,1.0,1
61066,1.0,1
12188,0.0,0
64978,0.0,0
41730,0.0,1
15285,1.0,1
15788,0.0,0
6614,1.0,0
60714,0.0,0
1073,0.0,0
7150,0.0,1
17328,0.0,0
40398,1.0,1
26548,1.0,0
65136,1.0,0
4196,1.0,1
16696,0.0,1
41994,0.0,0
20566,0.0,1
36089,1.0,1
55841,1.0,0
49003,0.0,0
21053,0.0,0
6167,0.0,1
20788,1.0,0
50489,1.0,1
58475,1.0,0
25714,1.0,0
13977,0.0,1
16592,1.0,1
27397,1.0,1
13535,1.0,1
28249,0.0,0
28734,1.0,1
49322,0.0,1
19753,0.0,1
6750,0.0,1
4680,1.0,0
54516,0.0,1
29837,1.0,0
612,1.0,0
47042,1.0,1
466,0.0,1
1984,1.0,0
6390,1.0,1
18317,1.0,0
11252,1.0,0
34997,0.0,1
244,1.0,1
47303,0.0,0
20634,0.0,1
21235,0.0,1
4156,0.0,0
9403,1.0,1
65498,1.0,1
63358,1.0,1
18049,0.0,1
29014,0.0,1
13165,0.0,1
4660,0.0,1
27192,0.0,1
20909,0.0,0
50989,1.0,1
60434,1.0,1
31267,1.0,1
9484,0.0,1
27470,1.0,1
68802,0.0,1
42600,1.0,0
41518,0.0,1
8650,0.0,1
15075,0.0,1
6705,1.0,1
44141,0.0,0
44245,0.0,1
46252,1.0,1
35793,0.0,1
41911,0.0,0
4479,0.0,0
47355,0.0,1
5383,1.0,1
17018,0.0,0
251,1.0,0
49480,1.0,1
35673,0.0,0
5322,1.0,0
2605,1.0,1
2284,0.0,1
51333,1.0,0
8235,0.0,0
25350,0.0,0
23732,0.0,1
16923,0.0,0
41446,0.0,0
55374,0.0,0
38401,0.0,1
46757,1.0,1
21828,0.0,1
50666,0.0,0
18925,0.0,0
66046,1.0,1
66158,1.0,0
31935,1.0,0
41368,1.0,1
46024,0.0,1
9975,0.0,1
17499,0.0,0
14113,1.0,1
19526,1.0,0
54046,0.0,1
51272,1.0,1
68701,1.0,0
6775,1.0,1
60792,1.0,0
40657,0.0,1
50408,0.0,0
17972,1.0,1
51593,1.0,0
56639,0.0,0
5543,0.0,1
10710,0.0,1
3286,0.0,0
33193,0.0,0
18397,0.0,0
35613,0.0,1
25202,1.0,1
64433,1.0,1
54079,0.0,0
29010,1.0,0
32284,0.0,1
44890,0.0,1
8792,1.0,1
61670,0.0,0
27911,1.0,1
32657,0.0,1
43805,0.0,0
39359,1.0,0
42656,1.0,1
54919,0.0,0
53351,1.0,0
36194,1.0,0
32428,0.0,0
4052,0.0,0
30396,0.0,0
42264,0.0,0
567,0.0,0
41866,0.0,0
45309,1.0,1
24666,0.0,0
16151,0.0,0
11445,0.0,1
60022,1.0,0
26631,0.0,1
22756,0.0,1
6692,1.0,1
4666,1.0,1
38230,0.0,1
19991,0.0,1
40549,0.0,0
62900,1.0,1
19787,1.0,0
20400,1.0,1
6592,0.0,0
532,1.0,1
46711,1.0,0
2179,0.0,1
39136,0.0,0
50204,1.0,0
25308,0.0,1
64896,1.0,0
28189,0.0,0
869,1.0,0
44900,0.0,0
6426,0.0,0
24223,0.0,1
876,1.0,1
10503,0.0,0
44884,1.0,0
6569,0.0,0
52410,1.0,1
42062,0.0,1
64823,0.0,0
14430,1.0,1
513,0.0,1
14485,0.0,1
1949,1.0,1
3214,0.0,1
11297,1.0,0
56238,1.0,1
27861,0.0,1
48901,0.0,1
7543,1.0,0
21573,0.0,0
22375,1.0,1
29613,1.0,1
945,0.0,1
49882,0.0,1
23218,1.0,1
21936,0.0,1
40725,0.0,1
39771,0.0,1
16196,0.0,0
38971,1.0,0
10985,0.0,1
3686,1.0,1
12802,0.0,1
64135,1.0,0
19955,1.0,1
41561,0.0,1
42652,1.0,1
59672,0.0,0
26496,0.0,1
25534,1.0,1
35233,1.0,1
66990,1.0,1
56990,1.0,1
25325,0.0,0
52392,1.0,1
44885,1.0,1
12460,0.0,1
42454,1.0,1
2420,1.0,0
46052,1.0,1
67875,1.0,1
68333,1.0,1
57816,1.0,1
3611,0.0,1
62,0.0,0
24011,0.0,0
52581,0.0,1
1800,0.0,0
21863,1.0,1
43022,1.0,0
19123,0.0,0
12636,0.0,0
65373,0.0,0
62346,0.0,1
66295,0.0,1
39566,1.0,1
12854,1.0,0
64882,0.0,1
31134,1.0,0
58802,0.0,0
55569,1.0,1
18615,0.0,1
40833,1.0,0
30724,0.0,1
54722,1.0,0
35891,0.0,1
40035,0.0,1
12143,0.0,0
38353,0.0,0
36636,0.0,1
51464,1.0,1
46881,1.0,1
22091,0.0,0
12003,1.0,0
26875,1.0,1
45373,0.0,1
26886,0.0,0
4558,0.0,1
10705,0.0,0
57556,1.0,1
65450,1.0,1
62400,1.0,0
10707,0.0,0
47556,0.0,1
31948,0.0,1
41419,0.0,1
9510,0.0,0
17890,1.0,0
39621,1.0,1
58294,0.0,1
25745,0.0,1
6659,1.0,0
1293,1.0,1
27521,0.0,1
44278,0.0,1
13103,0.0,1
46367,1.0,1
59864,0.0,0
1839,0.0,0
28376,0.0,1
44195,1.0,1
50423,0.0,1
9107,0.0,0
27792,1.0,1
36250,0.0,0
63621,0.0,1
1650,0.0,0
37176,1.0,1
62796,1.0,0
810,0.0,0
9012,0.0,1
49191,1.0,1
32180,1.0,1
41223,0.0,0
5692,0.0,1
24237,0.0,0
53922,1.0,1
32513,0.0,0
1084,0.0,0
67829,1.0,0
30593,0.0,0
2124,1.0,1
40551,0.0,0
24508,0.0,0
21251,0.0,0
29876,0.0,0
46433,1.0,1
21762,0.0,1
20966,0.0,0
51118,0.0,1
25930,1.0,0
39704,0.0,1
36677,0.0,0
51880,0.0,0
32361,0.0,1
34166,0.0,0
1102,0.0,0
45937,1.0,1
31474,0.0,0
54288,1.0,1
42015,1.0,1
7645,1.0,1
66043,1.0,1
65405,0.0,0
67625,0.0,0
33813,0.0,0
15058,1.0,0
32334,0.0,1
1243,0.0,0
24831,0.0,1
10259,1.0,1
38091,0.0,1
48461,1.0,1
64263,1.0,0
38760,0.0,1
40097,0.0,0
36640,0.0,0
15834,0.0,0
52931,0.0,1
39408,1.0,1
50597,0.0,0
28443,1.0,1
42517,1.0,0
60291,0.0,1
66714,1.0,1
31847,0.0,0
42069,1.0,0
12132,1.0,0
54902,0.0,1
2614,1.0,1
30883,0.0,0
2591,0.0,1
15545,0.0,1
9446,0.0,1
16595,0.0,0
11847,0.0,1
51164,0.0,0
53766,0.0,1
34910,1.0,0
33031,1.0,1
55309,0.0,1
24753,1.0,0
11489,0.0,0
16517,0.0,1
16410,0.0,1
20892,1.0,1
22559,0.0,0
42760,1.0,0
20766,1.0,0
60164,1.0,1
58109,0.0,1
42211,1.0,1
34765,0.0,0
68619,1.0,1
28405,0.0,1
20076,0.0,0
22427,0.0,1
32335,1.0,0
30704,0.0,1
27925,1.0,0
4581,0.0,0
27686,0.0,1
14597,0.0,1
45540,1.0,1
5531,0.0,0
51774,0.0,0
63951,1.0,0
54766,0.0,1
67898,1.0,0
2550,1.0,0
27722,1.0,0
60053,1.0,0
53835,0.0,0
5953,0.0,1
36600,0.0,1
29253,0.0,1
35754,1.0,1
63886,1.0,0
51820,0.0,0
48903,1.0,1
50394,0.0,0
27421,0.0,1
28701,1.0,0
57394,0.0,1
63930,0.0,1
32294,1.0,1
20611,0.0,0
17232,1.0,1
45618,1.0,1
47721,1.0,1
13971,0.0,0
49257,1.0,1
47279,0.0,1
13445,0.0,0
18757,1.0,1
10272,0.0,1
40490,0.0,0
55787,0.0,0
14340,0.0,1
47347,0.0,0
19551,1.0,0
3617,0.0,1
6230,1.0,0
5269,1.0,1
4023,0.0,1
67921,0.0,0
30802,0.0,0
60475,1.0,1
45069,0.0,0
20154,1.0,1
54147,1.0,1
3604,1.0,0
22465,0.0,0
28648,0.0,1
5811,1.0,0
24433,1.0,1
21454,0.0,0
27700,1.0,0
22465,0.0,0
44139,1.0,0
41867,1.0,1
44996,1.0,1
30987,0.0,1
28902,0.0,0
22583,0.0,1
10378,0.0,0
53032,0.0,1
44988,1.0,1
10454,0.0,1
33872,0.0,1
66805,1.0,0
23034,0.0,1
43673,1.0,0
57109,0.0,1
24243,0.0,1
6194,1.0,1
41351,0.0,1
13887,0.0,1
6945,1.0,1
34101,0.0,1
31094,1.0,1
22061,0.0,0
66114,1.0,0
42132,0.0,1
8674,1.0,1
66918,0.0,0
57157,0.0,0
54494,0.0,0
58133,1.0,0
47046,0.0,0
10702,1.0,1
20958,1.0,1
8100,0.0,0
10145,0.0,1
23377,0.0,0
21460,0.0,1
41264,0.0,1
20242,0.0,1
2811,0.0,1
14322,0.0,0
7358,1.0,0
20983,0.0,0
19608,1.0,0
59709,1.0,0
45989,1.0,0
60501,0.0,1
36616,0.0,0
51818,1.0,1
66870,1.0,1
25309,0.0,1
32380,1.0,1
11920,1.0,1
56704,1.0,1
52900,1.0,1
8980,0.0,0
10875,1.0,1
36966,1.0,1
474,0.0,0
27886,0.0,1
16738,0.0,0
41530,1.0,0
53906,1.0,0
4786,0.0,1
26487,1.0,1
51129,0.0,0
3547,0.0,0
24147,0.0,0
33498,0.0,0
25441,0.0,0
36611,1.0,0
24477,1.0,0
33282,0.0,0
23168,0.0,1
47669,1.0,1
35887,0.0,1
3643,0.0,1
39201,1.0,0
23091,0.0,1
37629,1.0,1
35230,0.0,1
42277,1.0,1
49483,0.0,1
25525,0.0,1
26519,1.0,1
34348,0.0,1
24371,0.0,0
60523,1.0,1
27210,1.0,1
68900,1.0,1
29639,0.0,1
413,0.0,1
2293,0.0,1
38625,0.0,0
20961,1.0,0
45666,0.0,0
69095,1.0,1
7760,0.0,0
1009,0.0,1
20304,0.0,1
42051,0.0,0
57991,0.0,1
29308,0.0,1
44425,0.0,0
57525,0.0,1
59829,1.0,1
69535,1.0,1
20867,0.0,1
12958,1.0,0
31926,1.0,0
38076,1.0,1
55203,1.0,1
20188,0.0,1
22208,0.0,1
39517,0.0,1
31032,1.0,0
36674,1.0,0
47183,0.0,1
1451,0.0,0
6041,1.0,1
5964,0.0,1
49818,1.0,0
47436,1.0,1
8989,0.0,1
36391,0.0,1
39521,0.0,1
59009,0.0,1
304,0.0,1
32874,0.0,0
27155,1.0,0
13374,1.0,1
39087,1.0,0
27308,1.0,0
58956,0.0,0
57024,0.0,0
35850,0.0,1
64089,0.0,1
14604,1.0,0
38612,1.0,0
22408,0.0,1
45753,1.0,0
27154,1.0,0
20214,0.0,1
5956,1.0,1
15147,1.0,0
68459,1.0,1
47397,0.0,0
55532,0.0,1
7441,1.0,1
10464,1.0,0
14622,1.0,1
25576,1.0,1
59711,1.0,0
27403,0.0,0
16298,0.0,1
36616,0.0,1
34903,1.0,0
528,0.0,0
53537,0.0,0
9958,1.0,1
68928,1.0,0
64078,0.0,0
36389,1.0,0
15385,0.0,1
2636,0.0,1
69523,0.0,0
40019,1.0,0
9759,0.0,1
24362,1.0,1
37173,0.0,1
26027,0.0,0
37849,0.0,1
56894,0.0,1
46850,1.0,1
65104,1.0,1
65183,0.0,1
43876,0.0,1
8605,1.0,1
9019,1.0,0
38049,0.0,1
3747,1.0,1
69302,0.0,0
21995,0.0,1
50625,0.0,1
24743,1.0,1
68030,0.0,1
27065,0.0,1
58829,1.0,1
46516,1.0,0
20021,0.0,1
13103,0.0,0
25764,0.0,1
42884,1.0,1
36150,0.0,1
21393,0.0,1
64286,0.0,1
7616,1.0,0
37330,0.0,0
6604,1.0,0
9552,1.0,1
55820,1.0,0
40304,0.0,1
10307,0.0,0
17968,1.0,0
27440,0.0,0
37820,0.0,1
6265,1.0,1
31541,0.0,1
34412,1.0,0
20566,0.0,0
9072,0.0,0
23545,0.0,1
41471,0.0,1
16040,0.0,1
33747,0.0,0
33540,0.0,1
5420,0.0,0
44309,1.0,0
22914,0.0,1
30783,1.0,1
67362,1.0,1
262,0.0,1
39409,0.0,0
5895,1.0,0
16285,0.0,1
13682,0.0,1
34194,1.0,1
4523,0.0,1
64678,1.0,1
18946,1.0,1
22453,1.0,1
29558,1.0,0
50892,1.0,0
58094,1.0,1
19001,1.0,0
56173,0.0,1
58361,0.0,0
19797,1.0,1
52916,0.0,1
48676,0.0,0
55303,0.0,1
42803,1.0,0
40234,0.0,1
1330,1.0,1
8516,0.0,1
14071,1.0,1
41300,1.0,1
9488,0.0,0
52103,0.0,1
1777,1.0,1
35354,0.0,0
11983,0.0,1
58386,0.0,0
8796,0.0,0
18193,0.0,1
20003,0.0,1
64086,0.0,1
64686,0.0,1
1047,0.0,1
56960,0.0,1
3367,0.0,0
60719,1.0,0
3869,0.0,0
35650,1.0,1
29751,0.0,0
9406,1.0,1
56921,0.0,0
6006,0.0,0
24787,1.0,1
20219,1.0,1
69066,0.0,0
59062,0.0,1
47375,1.0,0
53258,0.0,0
25765,0.0,1
5331,1.0,0
17015,0.0,1
48999,0.0,0
42289,1.0,1
36681,1.0,0
15396,1.0,1
52217,1.0,0
55060,0.0,0
21438,1.0,1
57611,1.0,0
3638,1.0,1
65531,1.0,1
20609,0.0,0
12134,0.0,1
37701,0.0,1
47732,0.0,0
10342,1.0,1
29996,0.0,1
37822,1.0,1
36403,1.0,0
29727,0.0,1
7863,0.0,0
6993,0.0,1
37704,0.0,1
41342,0.0,1
25976,1.0,0
46282,0.0,1
9667,0.0,1
37983,0.0,1
29303,1.0,1
61583,1.0,1
53169,0.0,0
8812,0.0,0
7818,0.0,1
35071,0.0,1
33457,0.0,0
22241,0.0,0
48906,0.0,1
13913,0.0,1
69624,1.0,0
31,0.0,0
25979,0.0,1
28534,1.0,1
20306,0.0,1
46511,1.0,0
22046,0.0,0
22208,0.0,0
5660,0.0,1
36806,0.0,1
7955,0.0,0
9459,0.0,0
16219,1.0,1
27481,0.0,0
20572,0.0,0
52528,1.0,1
16351,1.0,0
19351,0.0,1
55188,1.0,1
46538,0.0,0
4449,0.0,0
54579,1.0,0
15316,0.0,0
28124,0.0,0
10937,0.0,0
3520,0.0,0
2976,1.0,0
69344,1.0,0
31804,0.0,1
29741,1.0,1
52282,1.0,1
39008,0.0,1
41406,0.0,0
54364,1.0,1
1581,0.0,1
14704,0.0,1
18454,0.0,1
2366,0.0,0
52706,1.0,1
28800,1.0,1
37553,0.0,0
4318,0.0,1
36914,0.0,1
3030,1.0,0
22607,1.0,1
63985,0.0,0
20531,0.0,0
7082,1.0,1
21447,1.0,1
51219,1.0,0
10442,1.0,1
37514,1.0,1
7106,1.0,0
39749,1.0,0
59122,1.0,1
32463,0.0,0
13846,0.0,1
5863,0.0,1
48442,1.0,0
49422,0.0,0
64537,1.0,0
29375,1.0,1
18716,0.0,1
60544,0.0,1
24052,1.0,0
47634,0.0,0
41554,1.0,1
36786,1.0,0
36631,0.0,0
45823,0.0,1
19978,1.0,0
51860,1.0,0
42576,1.0,0
21676,1.0,0
19391,0.0,0
2878,1.0,0
54185,1.0,0
44010,0.0,1
13162,0.0,1
41428,0.0,0
39632,1.0,1
21478,1.0,1
28209,1.0,1
9687,0.0,1
59324,1.0,1
45698,0.0,1
880,0.0,1
39770,1.0,1
24711,1.0,1
41801,1.0,1
50369,0.0,1
20159,0.0,1
67534,0.0,1
21892,0.0,0
26363,0.0,1
32122,0.0,0
25866,1.0,1
49414,1.0,0
32130,1.0,1
68749,0.0,1
64903,0.0,0
50488,0.0,1
25118,0.0,0
56025,0.0,1
37589,0.0,1
40581,0.0,0
25897,0.0,1
18038,1.0,1
6785,0.0,1
48523,0.0,1
22401,0.0,0
51883,1.0,1
11200,0.0,1
52519,0.0,1
24151,1.0,0
14188,0.0,1
28856,0.0,1
5503,1.0,1
54282,1.0,1
17803,1.0,1
58253,0.0,1
68841,1.0,1
30118,1.0,1
16050,0.0,0
8688,0.0,0
68416,1.0,1
17109,0.0,1
11438,0.0,1
48665,1.0,1
19660,0.0,1
456,0.0,1
32020,0.0,1
43807,1.0,1
7588,0.0,1
57863,1.0,0
38456,0.0,0
2639,1.0,0
11321,1.0,0
6308,0.0,0
20826,1.0,0
46593,1.0,0
15423,1.0,1
22866,1.0,1
146,1.0,1
65725,0.0,1
21750,1.0,0
25879,0.0,0
24976,0.0,1
45613,0.0,1
58349,0.0,0
25894,0.0,0
51641,0.0,1
1680,0.0,1
27801,0.0,1
17042,0.0,0
33824,0.0,0
35690,1.0,1
24490,0.0,1
24945,0.0,0
62115,1.0,1
31084,1.0,1
16921,0.0,1
20240,0.0,1
65607,0.0,1
24318,1.0,0
13558,1.0,1
32943,0.0,1
33468,0.0,1
37700,1.0,1
58107,0.0,1
46639,0.0,1
41664,0.0,1
17712,0.0,0
13870,0.0,1
504,1.0,1
58389,0.0,1
28035,0.0,1
37104,0.0,1
62761,0.0,0
43062,0.0,0
49750,1.0,1
65541,1.0,1
38595,0.0,1
58286,1.0,1
1463,1.0,1
10929,0.0,0
60286,1.0,1
8681,0.0,0
28435,1.0,1
15943,0.0,0
41452,0.0,0
8933,0.0,1
46066,1.0,0
28030,1.0,1
36578,0.0,1
6834,0.0,1
48696,0.0,0
39072,1.0,1
15473,1.0,0
33668,1.0,0
7544,0.0,0
2066,0.0,0
23034,0.0,0
2111,0.0,1
30182,1.0,1
35504,0.0,0
57649,1.0,0
29670,0.0,1
38699,1.0,1
55592,0.0,1
28676,1.0,0
35924,0.0,1
2004,1.0,0
30327,0.0,1
15062,1.0,1
11530,0.0,1
16718,1.0,1
39400,1.0,0
46015,0.0,1
33445,0.0,1
65554,1.0,0
32510,1.0,1
21869,0.0,1
47722,1.0,1
56755,0.0,0
7828,1.0,1
23612,0.0,0
24416,1.0,1
49876,1.0,1
37443,0.0,0
11258,1.0,1
40139,1.0,1
24115,1.0,1
48079,1.0,0
66885,0.0,1
45135,1.0,1
20758,0.0,1
48360,1.0,0
42474,0.0,1
39008,0.0,0
22373,0.0,1
57739,0.0,1
43601,0.0,1
3378,0.0,0
47093,1.0,0
24446,0.0,0
3444,1.0,1
20664,1.0,0
51177,0.0,1
52378,1.0,1
46874,1.0,1
15462,0.0,1
24647,1.0,1
471,1.0,1
68031,1.0,1
38174,1.0,0
8020,0.0,1
19561,0.0,1
6289,0.0,0
31199,1.0,0
9889,1.0,0
33514,0.0,1
46228,1.0,0
51427,0.0,1
29147,0.0,0
41123,1.0,1
44151,1.0,1
29991,1.0,0
44061,0.0,0
40991,0.0,0
26766,0.0,1
22284,1.0,1
8765,0.0,1
16946,0.0,0
14796,0.0,1
10525,0.0,0
17860,1.0,1
13795,1.0,1
7586,0.0,0
18178,0.0,0
3908,0.0,0
55482,1.0,1
51,0.0,0
19784,0.0,1
15821,1.0,1
10134,0.0,1
22374,1.0,0
17938,1.0,0
9667,0.0,0
1757,0.0,1
38987,0.0,1
36098,0.0,1
4782,0.0,1
32061,0.0,1
15746,0.0,1
4894,0.0,1
41991,0.0,0
34834,0.0,0
25465,0.0,0
31330,1.0,1
28011,1.0,1
20743,1.0,1
19355,0.0,0
22597,0.0,1
25005,1.0,1
42156,0.0,0
22869,0.0,0
7950,1.0,1
19922,1.0,1
34108,1.0,1
45587,0.0,1
27612,0.0,1
57604,1.0,1
30896,0.0,1
47239,0.0,1
4983,0.0,1
61736,0.0,1
40167,1.0,1
33243,0.0,1
33143,0.0,0
8537,1.0,0
50169,1.0,1
25679,1.0,1
1256,1.0,0
27165,0.0,0
68759,1.0,1
5347,0.0,1
16233,0.0,1
20994,0.0,1
25035,0.0,1
50260,0.0,0
48072,1.0,1
25893,0.0,0
36318,0.0,0
28642,0.0,1
58729,0.0,0
11350,0.0,1
39343,0.0,0
58347,0.0,0
35954,1.0,1
69358,0.0,0
19146,0.0,1
47171,1.0,0
9321,0.0,1
54331,1.0,1
51666,0.0,0
24385,1.0,0
14991,0.0,0
13070,0.0,1
15599,1.0,0
26025,0.0,0
24531,1.0,1
19667,0.0,1
10630,0.0,1
8772,1.0,0
30870,0.0,1
3723,0.0,0
56997,0.0,1
8500,0.0,0
33228,0.0,1
4326,0.0,1
44178,1.0,0
19916,1.0,0
24983,1.0,0
1482,0.0,0
3718,0.0,1
4462,1.0,1
55473,1.0,1
16217,1.0,1
52857,0.0,1
39708,1.0,1
53069,0.0,1
61888,1.0,1
43299,0.0,1
59840,0.0,0
30096,0.0,0
14774,0.0,1
25345,0.0,0
35303,0.0,0
17319,1.0,0
18004,0.0,1
4562,1.0,1
35899,1.0,1
61208,0.0,1
11784,0.0,1
48263,0.0,1
46781,0.0,1
35700,0.0,1
21975,0.0,0
55035,1.0,0
10814,0.0,0
42574,1.0,1
30702,0.0,1
17921,1.0,0
58657,0.0,1
13435,0.0,1
15937,0.0,0
26115,0.0,1
68756,1.0,1
58364,1.0,0
52386,1.0,0
18355,0.0,1
56576,1.0,0
48432,1.0,1
26512,0.0,1
62093,1.0,1
35095,1.0,0
52426,0.0,1
18534,1.0,1
25211,0.0,0
34128,0.0,1
36287,0.0,1
2046,0.0,1
37649,1.0,0
20275,0.0,0
52438,1.0,0
41414,0.0,0
50030,0.0,1
29816,1.0,0
27426,0.0,1
26261,0.0,1
20181,0.0,0
27570,0.0,0
8927,1.0,0
30930,0.0,1
32886,1.0,1
60102,1.0,0
13596,0.0,0
38207,1.0,1
52641,0.0,0
53961,0.0,1
39142,0.0,0
16871,1.0,1
47317,0.0,1
743,0.0,1
30674,1.0,0
38335,0.0,1
66219,1.0,1
67942,1.0,1
22489,1.0,1
15434,1.0,0
42956,0.0,0
55840,1.0,1
28764,0.0,0
6967,1.0,1
55874,1.0,1
220,0.0,1
31501,0.0,0
46852,0.0,1
20145,1.0,0
50583,1.0,1
17893,1.0,0
38547,0.0,1
31841,0.0,1
36430,0.0,0
59505,0.0,1
806,1.0,1
451,0.0,1
12725,1.0,1
63247,1.0,1
919,0.0,1
19517,0.0,1
7672,0.0,0
41748,1.0,1
62907,0.0,1
45254,1.0,1
36987,0.0,0
66435,0.0,0
54504,0.0,1
33800,1.0,1
13244,0.0,0
7417,0.0,0
6615,1.0,0
21307,0.0,0
48371,0.0,1
67162,1.0,1
39404,1.0,1
10103,0.0,1
48632,1.0,1
4209,1.0,0
23187,0.0,0
48100,1.0,0
3446,1.0,0
30110,0.0,1
6465,0.0,0
22553,0.0,0
31885,0.0,0
23123,0.0,1
41208,1.0,1
55425,0.0,0
38919,0.0,0
64915,1.0,1
19649,1.0,0
1233,1.0,1
6368,1.0,1
26955,1.0,0
20308,0.0,0
22560,1.0,1
52098,0.0,0
52760,0.0,0
40970,0.0,0
4864,0.0,0
664,1.0,1
68194,0.0,0
48300,0.0,1
22215,1.0,0
40396,0.0,0
28580,0.0,1
6036,0.0,0
5896,0.0,0
37360,0.0,1
37578,0.0,1
30103,0.0,1
48401,0.0,0
39918,1.0,0
58124,1.0,0
13648,0.0,1
38617,1.0,1
15549,0.0,0
20000,0.0,1
59769,1.0,1
33312,1.0,1
37694,1.0,0
52538,0.0,1
19930,0.0,1
43897,0.0,1
65812,1.0,1
35647,1.0,1
64221,1.0,1
47169,0.0,1
33743,0.0,1
2694,0.0,0
52737,1.0,0
36254,1.0,1
20442,1.0,0
3514,1.0,0
1183,1.0,0
66031,0.0,1
43538,1.0,0
31070,0.0,0
56295,1.0,0
29004,0.0,1
32872,0.0,1
4107,0.0,0
33913,0.0,1
1842,0.0,1
66276,1.0,1
44268,0.0,0
2734,0.0,0
6584,0.0,0
64016,1.0,1
46664,1.0,0
40562,1.0,1
32089,0.0,0
50510,0.0,1
27847,0.0,1
53554,0.0,1
16402,1.0,0
6710,0.0,0
16461,0.0,1
5261,0.0,1
38674,0.0,0
63673,0.0,0
23619,0.0,1
65819,0.0,1
36410,0.0,1
44790,0.0,1
7290,0.0,0
46421,1.0,1
1491,1.0,1
45913,0.0,1
17600,0.0,0
531,1.0,1
13282,0.0,1
43590,0.0,1
56100,1.0,1
1054,1.0,1
34912,0.0,0
15717,1.0,1
46795,0.0,0
48494,0.0,1
48939,0.0,1
47508,0.0,1
62413,1.0,1
25837,0.0,0
18480,0.0,1
33618,0.0,1
21572,1.0,1
57855,0.0,1
67367,1.0,1
55700,0.0,1
61351,1.0,0
54421,0.0,0
6421,0.0,1
21592,0.0,0
10235,0.0,1
28611,0.0,0
52288,0.0,0
40101,0.0,0
52051,0.0,1
34551,1.0,1
23354,1.0,0
23013,0.0,0
37073,1.0,0
16106,0.0,1
2677,0.0,1
60757,0.0,0
22068,1.0,1
53640,0.0,1
24549,0.0,1
562,0.0,0
10560,0.0,1
26189,0.0,0
30751,0.0,0
36842,0.0,1
39019,1.0,1
6863,0.0,1
17024,0.0,1
5342,0.0,1
42688,1.0,0
52414,0.0,0
1645,0.0,1
23021,0.0,1
5516,1.0,0
46611,0.0,1
5479,0.0,1
16972,1.0,1
44418,0.0,1
3175,1.0,1
43150,0.0,1
53340,1.0,1
58071,1.0,0
17360,0.0,1
50723,1.0,1
56738,1.0,0
31988,1.0,1
27851,1.0,0
530,1.0,0
53895,0.0,1
15830,1.0,1
10104,1.0,0
10333,0.0,1
39707,0.0,0
1642,0.0,0
61265,0.0,1
66204,1.0,1
64591,0.0,0
48743,0.0,1
9853,0.0,1
40012,1.0,1
58456,1.0,0
59435,0.0,1
10786,0.0,0
13690,0.0,1
25734,1.0,1
20622,1.0,1
27382,0.0,1
11672,0.0,1
20854,0.0,1
58861,0.0,1
50364,1.0,0
67336,0.0,1
45350,0.0,1
58399,0.0,1
64815,1.0,0
28194,1.0,1
20975,0.0,1
26080,0.0,0
41174,1.0,0
32671,0.0,1
61488,1.0,1
47323,0.0,0
44118,0.0,0
53838,1.0,1
23357,0.0,1
23624,0.0,1
56367,1.0,0
46118,1.0,1
12705,0.0,1
22203,0.0,0
47775,0.0,1
30228,0.0,0
5317,0.0,1
27983,1.0,1
11123,0.0,0
6879,1.0,1
12876,0.0,1
13652,0.0,1
33464,1.0,1
8974,1.0,0
12393,1.0,1
7669,0.0,1
12589,1.0,0
30605,1.0,1
54911,0.0,0
46301,0.0,1
57433,1.0,0
16348,0.0,1
61984,0.0,0
14852,0.0,1
16898,1.0,1
29453,0.0,1
23837,1.0,0
29410,0.0,0
39331,1.0,0
31431,0.0,0
65525,1.0,0
12912,0.0,1
46777,1.0,1
13786,1.0,1
17366,0.0,0
62994,1.0,1
17752,0.0,0
69537,1.0,1
18160,1.0,0
8300,1.0,1
43441,0.0,0
18319,0.0,0
22459,1.0,0
12489,0.0,0
14249,1.0,0
11543,0.0,1
10821,0.0,1
37860,0.0,0
54234,1.0,0
11705,0.0,1
44455,1.0,0
31201,0.0,0
5085,0.0,0
67983,1.0,1
53096,0.0,0
40904,0.0,0
13704,1.0,1
53554,0.0,1
15944,0.0,1
29762,1.0,1
38906,0.0,0
37931,0.0,1
39166,0.0,0
51963,1.0,1
64496,1.0,0
15457,1.0,1
55299,0.0,1
40352,0.0,0
2208,1.0,0
13173,1.0,0
11121,1.0,1
48069,1.0,0
24704,0.0,0
36107,0.0,1
1380,0.0,1
170,0.0,1
7362,0.0,1
9394,1.0,0
53927,1.0,0
22367,1.0,0
62244,1.0,1
27505,0.0,1
64968,0.0,0
16789,1.0,0
35482,1.0,1
4981,1.0,0
36385,0.0,0
48726,0.0,0
14357,1.0,1
50516,0.0,1
1006,1.0,0
42957,0.0,0
11981,0.0,0
44263,1.0,1
31024,0.0,1
51231,0.0,1
25083,1.0,1
46230,0.0,1
50027,0.0,1
60847,1.0,1
41650,1.0,1
28081,0.0,0
64550,1.0,0
60934,0.0,0
21221,0.0,1
10512,1.0,0
12121,0.0,1
6549,1.0,0
22859,1.0,0
26574,1.0,1
52945,0.0,1
62022,0.0,1
47651,1.0,0
55111,0.0,1
65326,0.0,1
56055,1.0,1
5739,0.0,1
42382,0.0,1
4408,1.0,0
31943,0.0,1
44634,0.0,1
22441,1.0,0
67519,1.0,0
15015,0.0,1
69451,0.0,1
4227,0.0,1
15104,0.0,0
21131,0.0,0
47582,1.0,1
57098,0.0,1
6112,1.0,0
55893,1.0,1
6733,1.0,0
62362,0.0,0
3555,1.0,1
46904,0.0,0
54192,0.0,0
51851,0.0,1
465,0.0,1
6210,0.0,1
41157,1.0,0
63410,1.0,1
63025,0.0,0
58275,1.0,1
37583,0.0,1
4856,1.0,1
59798,1.0,1
28070,0.0,1
45232,1.0,1
59604,0.0,0
49333,1.0,1
3260,0.0,0
65543,0.0,1
44294,0.0,1
16355,1.0,1
56533,0.0,0
50454,0.0,0
46795,0.0,1
26115,0.0,0
5680,0.0,1
45896,1.0,0
25639,0.0,1
10898,0.0,0
47774,0.0,1
3232,0.0,1
25423,0.0,0
35681,1.0,1
9909,0.0,1
38253,1.0,1
35588,0.0,1
50850,1.0,0
12195,0.0,1
7144,0.0,0
32413,0.0,0
21348,0.0,0
62165,1.0,1
23958,1.0,1
14739,0.0,1
67199,0.0,1
40901,0.0,1
50505,1.0,0
69472,0.0,1
41497,0.0,0
48933,0.0,0
4404,0.0,1
9944,0.0,1
5825,0.0,0
1195,0.0,1
23847,0.0,0
41474,0.0,0
33520,0.0,0
47930,1.0,1
40655,1.0,1
28897,1.0,0
12028,1.0,1
14593,0.0,0
32192,0.0,1
32534,1.0,1
33183,0.0,1
34695,1.0,1
14324,0.0,1
40342,0.0,1
16664,0.0,1
60431,0.0,1
8034,1.0,1
45230,0.0,0
28908,1.0,0
61900,1.0,1
6780,0.0,0
37819,1.0,1
33332,0.0,0
6623,0.0,1
22668,0.0,1
43342,0.0,1
13155,0.0,1
22027,0.0,0
13126,0.0,0
8639,1.0,0
35986,0.0,0
38930,1.0,0
23891,0.0,1
24932,1.0,0
12153,0.0,1
1489,0.0,1
58646,0.0,0
38859,0.0,0
59259,1.0,1
53181,0.0,1
35325,0.0,0
32955,0.0,0
23993,1.0,1
49478,0.0,1
55066,0.0,1
43273,1.0,1
16939,0.0,1
29350,1.0,1
13963,1.0,1
27714,0.0,1
66245,0.0,0
39537,1.0,1
23339,1.0,1
43490,1.0,0
27059,1.0,0
32013,0.0,1
14632,0.0,1
5609,0.0,1
8881,1.0,1
24670,1.0,1
12172,0.0,1
12493,0.0,0
57628,1.0,0
6778,1.0,0
64201,0.0,0
55297,1.0,0
34846,0.0,0
2358,0.0,0
358,1.0,1
51421,1.0,0
34988,0.0,1
26755,1.0,1
17478,0.0,1
41939,1.0,0
6693,0.0,0
14556,0.0,1
9935,0.0,0
3618,1.0,0
46238,0.0,0
32080,0.0,0
41987,0.0,1
61332,0.0,0
48367,0.0,0
23717,1.0,1
31651,0.0,1
42666,1.0,1
19953,1.0,1
17574,0.0,0
69016,0.0,1
27844,0.0,0
48772,1.0,0
44886,0.0,1
19171,0.0,1
45943,0.0,0
31481,0.0,0
56195,0.0,1
21556,0.0,0
28216,0.0,0
36538,0.0,1
24426,0.0,0
14812,0.0,0
16131,1.0,1
44911,1.0,1
11837,0.0,0
43775,0.0,0
30064,0.0,1
58331,1.0,0
24724,1.0,1
60935,1.0,0
16763,0.0,1
33062,1.0,1
38386,0.0,0
18935,0.0,1
21149,0.0,0
22452,0.0,1
10422,1.0,0
28642,0.0,1
64991,1.0,0
11512,0.0,0
25166,1.0,1
52030,0.0,0
51582,1.0,1
55943,0.0,1
5432,0.0,1
65356,1.0,1
58574,1.0,0
19442,1.0,1
36630,0.0,1
54124,0.0,1
46708,0.0,1
43138,0.0,0
19219,0.0,0
60860,0.0,0
57799,1.0,1
15276,1.0,1
56900,0.0,1
18277,0.0,1
54345,0.0,0
46548,0.0,1
24427,0.0,1
34119,0.0,1
49313,0.0,0
216,0.0,1
27755,1.0,1
39714,1.0,0
69002,1.0,0
38921,1.0,1
15318,0.0,0
12483,0.0,1
40956,1.0,0
3522,1.0,1
50789,1.0,1
46758,0.0,1
22616,0.0,0
43100,0.0,1
7394,1.0,1
51085,1.0,0
7577,0.0,1
49584,1.0,1
38400,0.0,1
69030,0.0,1
42271,0.0,1
40214,0.0,0
16650,0.0,0
19342,0.0,1
56460,1.0,1
20656,0.0,1
2815,0.0,0
26045,1.0,1
7448,1.0,0
40973,0.0,1
63711,0.0,1
33759,0.0,1
29452,0.0,0
58249,1.0,1
59746,0.0,0
26952,0.0,1
23604,1.0,0
22687,0.0,0
23440,1.0,0
53396,0.0,0
21789,0.0,1
61165,0.0,1
10188,0.0,1
21464,0.0,1
50833,0.0,0
1222,1.0,0
36451,0.0,1
13075,0.0,1
3229,0.0,1
39089,1.0,1
39173,0.0,0
22951,0.0,1
42011,0.0,0
26076,1.0,0
30826,1.0,1
25575,1.0,1
21864,0.0,1
46155,1.0,0
11413,1.0,1
47009,0.0,1
5573,0.0,0
33398,0.0,0
14368,0.0,0
34546,0.0,1
52728,1.0,0
48547,1.0,0
36779,0.0,1
21305,0.0,1
7608,1.0,0
48701,1.0,0
56809,1.0,0
38381,0.0,1
42189,0.0,1
2212,1.0,1
57356,0.0,1
45537,1.0,1
66411,0.0,1
63981,1.0,1
57966,1.0,0
42281,0.0,0
15221,0.0,0
24458,0.0,1
23137,0.0,1
33126,1.0,1
17020,1.0,0
112,0.0,0
21183,1.0,1
46984,1.0,1
35922,0.0,1
15260,0.0,1
33021,0.0,1
39568,1.0,1
52649,0.0,0
23360,1.0,0
45190,0.0,0
4791,1.0,1
6777,0.0,1
51352,0.0,1
1569,1.0,1
58368,0.0,1
6612,1.0,1
5368,0.0,1
57036,0.0,1
50420,1.0,1
3248,1.0,0
19812,0.0,1
57877,1.0,1
64552,1.0,0
51608,1.0,1
8592,1.0,0
20338,1.0,0
24576,0.0,1
38114,0.0,1
16313,0.0,1
21372,1.0,0
43057,1.0,1
28982,0.0,1
15338,0.0,0
17666,0.0,0
22410,0.0,1
2846,0.0,1
8032,0.0,0
18702,0.0,0
63578,0.0,0
30899,0.0,1
9877,0.0,0
32667,1.0,0
31949,1.0,1
15579,0.0,0
42786,1.0,1
63500,0.0,1
58293,0.0,1
20815,0.0,1
31886,0.0,1
120,0.0,1
56210,1.0,0
56985,0.0,1
43159,0.0,1
66941,1.0,0
58970,1.0,0
19263,1.0,1
53092,0.0,1
5672,1.0,0
68204,1.0,0
69444,0.0,0
62333,1.0,1
47202,1.0,1
32941,1.0,0
54667,1.0,0
61563,0.0,0
61394,0.0,1
40963,1.0,0
61171,1.0,0
9223,0.0,1
34258,0.0,1
12812,1.0,1
54590,0.0,0
11281,1.0,1
52056,0.0,0
24443,1.0,1
34320,0.0,1
42184,1.0,0
30761,0.0,1
56772,0.0,1
26394,0.0,0
32791,0.0,0
11878,0.0,1
41738,1.0,1
44708,1.0,0
3470,1.0,0
59691,0.0,0
62764,1.0,1
52847,0.0,0
57351,1.0,1
31059,1.0,0
59893,1.0,1
36079,0.0,1
10841,1.0,1
13957,0.0,0
10317,1.0,0
23295,0.0,1
7488,1.0,0
60272,0.0,0
40914,0.0,0
680,0.0,1
42025,1.0,1
36874,0.0,1
52341,0.0,0
49973,1.0,0
20200,1.0,1
34628,0.0,0
7831,1.0,1
39924,1.0,1
4475,1.0,1
25757,0.0,1
844,1.0,0
51603,0.0,1
36502,0.0,1
52908,0.0,1
27064,0.0,1
10339,0.0,1
26764,1.0,1
35115,0.0,1
27494,0.0,0
3027,0.0,1
16849,1.0,0
32871,0.0,0
55694,0.0,0
23163,0.0,1
2490,0.0,0
36518,0.0,1
21515,0.0,1
64004,0.0,1
48576,0.0,1
6678,0.0,1
60184,0.0,1
23524,0.0,0
11208,0.0,1
18952,1.0,1
45145,1.0,0
65854,1.0,1
53545,1.0,1
55993,0.0,0
16346,0.0,0
69388,0.0,1
39226,1.0,1
57408,0.0,1
56773,1.0,1
55711,1.0,0
68739,0.0,0
28193,0.0,1
28778,1.0,1
12105,1.0,0
7002,1.0,0
10729,1.0,1
50447,0.0,1
10547,1.0,0
27585,1.0,1
61783,0.0,0
56929,1.0,1
53313,1.0,1
25427,0.0,1
46247,0.0,0
14135,0.0,1
43264,1.0,1
13018,0.0,1
33076,1.0,1
1639,0.0,0
82,0.0,0
26444,1.0,0
9705,0.0,0
9466,0.0,0
53607,0.0,1
43770,1.0,1
20449,0.0,0
13742,1.0,0
21449,0.0,0
20671,0.0,0
14400,0.0,1
44651,1.0,0
22297,0.0,1
14481,0.0,1
36226,0.0,0
49548,0.0,1
51030,0.0,0
43492,1.0,0
23206,0.0,1
14010,0.0,1
17362,1.0,0
37875,0.0,1
61086,1.0,1
23260,0.0,0
51532,1.0,1
13775,1.0,1
35715,1.0,1
27734,1.0,1
58473,0.0,1
45057,0.0,1
12700,0.0,0
35045,1.0,1
49778,0.0,1
49868,1.0,0
37725,1.0,0
8569,1.0,0
11579,1.0,1
58452,1.0,1
10942,0.0,1
46327,0.0,0
61311,1.0,1
14016,1.0,1
67278,1.0,1
8267,0.0,0
60125,0.0,1
56855,1.0,1
67596,1.0,1
38721,1.0,0
40811,1.0,0
23191,0.0,1
2107,0.0,1
62277,0.0,1
448,1.0,1
38511,0.0,0
18355,0.0,1
52982,1.0,0
19306,0.0,0
43758,1.0,1
2735,0.0,1
39304,0.0,1
24404,0.0,0
22911,1.0,1
40647,1.0,0
15863,0.0,0
40514,0.0,1
48801,1.0,1
38026,0.0,1
9046,1.0,1
4785,0.0,1
31693,0.0,0
67101,1.0,0
45343,1.0,1
32284,0.0,0
17143,0.0,1
55743,1.0,0
49629,0.0,1
17705,0.0,0
58982,0.0,0
35155,0.0,0
5424,0.0,1
55601,1.0,0
23755,1.0,1
33817,0.0,1
45139,0.0,1
69289,1.0,0
34234,1.0,1
55742,0.0,1
458,1.0,0
46401,0.0,1
44313,0.0,1
12192,1.0,0
31173,0.0,1
53783,1.0,0
44786,0.0,1
35010,0.0,1
57727,0.0,1
51232,0.0,1
67951,0.0,1
2102,0.0,1
52526,0.0,1
62426,1.0,1
28646,0.0,1
56126,1.0,1
1188,0.0,0
69479,1.0,1
53875,1.0,1
17564,0.0,0
26655,0.0,0
37920,0.0,1
58602,1.0,0
32347,0.0,1
16817,0.0,1
30110,0.0,0
43530,1.0,1
44479,0.0,1
14783,0.0,1
46297,0.0,0
17185,0.0,1
29033,0.0,1
38185,1.0,1
29307,0.0,0
43247,0.0,0
19167,1.0,1
12917,0.0,1
14986,0.0,1
10928,0.0,0
36725,1.0,1
24138,1.0,0
22445,0.0,1
9893,1.0,0
53596,0.0,0
40455,1.0,0
20387,0.0,0
961,0.0,0
49578,1.0,0
21555,0.0,0
23128,0.0,1
25293,1.0,1
47328,1.0,1
27673,1.0,0
50794,1.0,1
24525,1.0,1
14576,1.0,1
63987,1.0,0
2437,1.0,0
60596,1.0,1
26327,0.0,1
594,0.0,0
16436,0.0,1
55804,0.0,0
52727,1.0,1
10652,0.0,1
63697,1.0,1
68062,1.0,1
54389,1.0,0
45437,0.0,0
14401,0.0,1
47420,0.0,1
50501,0.0,1
948,0.0,1
21693,1.0,0
48304,0.0,0
23257,1.0,0
2446,1.0,0
44503,0.0,1
31894,1.0,1
12641,1.0,0
45285,1.0,1
48754,1.0,1
3661,0.0,0
23572,0.0,0
25208,0.0,0
7863,0.0,1
53197,0.0,1
30151,1.0,0
23052,1.0,0
1401,0.0,0
30045,1.0,0
24613,1.0,1
26389,0.0,1
46401,0.0,1
5411,1.0,0
7410,0.0,1
62027,1.0,0
29271,1.0,0
39344,0.0,1
14197,0.0,0
26442,0.0,0
21962,0.0,1
56283,1.0,1
3863,1.0,0
32501,0.0,1
8528,1.0,1
22568,0.0,1
9435,1.0,1
21801,1.0,1
36594,1.0,1
11177,0.0,1
1395,0.0,0
46683,1.0,1
18965,0.0,1
59281,1.0,1
14586,0.0,0
55405,1.0,1
37105,1.0,0
56967,0.0,0
55391,0.0,1
10278,1.0,0
16021,1.0,1
12035,0.0,0
6635,1.0,1
1376,0.0,1
39490,0.0,1
48095,1.0,1
2240,0.0,0
28369,1.0,0
50927,0.0,0
15406,0.0,0
38543,1.0,1
38277,1.0,1
40028,1.0,1
51970,0.0,1
61766,1.0,1
12421,0.0,1
42970,0.0,1
57515,1.0,1
24598,0.0,1
6543,0.0,1
37474,1.0,1
22029,0.0,1
18395,1.0,1
17995,0.0,1
26183,0.0,1
34748,0.0,1
31643,0.0,0
9144,0.0,1
50969,1.0,0
44483,0.0,0
8871,0.0,0
8687,0.0,1
52895,1.0,1
38313,0.0,0
64783,0.0,0
16373,0.0,1
11979,1.0,1
13915,1.0,1
41628,0.0,0
56157,0.0,0
1989,0.0,1
46134,0.0,1
66068,0.0,0
33581,0.0,0
60208,0.0,1
3657,0.0,1
4145,0.0,0
63299,1.0,0
33953,0.0,0
26561,0.0,0
51908,0.0,1
2186,0.0,1
10748,0.0,0
58042,0.0,0
6698,1.0,1
27524,0.0,1
52229,1.0,1
14747,0.0,0
28101,1.0,1
23549,0.0,0
22350,0.0,1
13336,1.0,1
47381,0.0,0
56760,1.0,0
29001,1.0,0
1580,0.0,1
5165,1.0,1
48013,0.0,1
66978,0.0,1
2214,0.0,1
29588,0.0,1
4625,0.0,0
30124,0.0,0
26353,0.0,1
61581,0.0,1
4006,0.0,1
21425,0.0,1
19078,0.0,0
8948,0.0,0
35698,0.0,1
14538,0.0,0
44323,0.0,1
64862,0.0,0
23668,0.0,1
17273,0.0,1
20337,1.0,0
61567,1.0,0
38754,1.0,0
54120,0.0,0
29679,0.0,1
4294,0.0,1
21275,1.0,1
2739,0.0,0
20313,1.0,1
5510,0.0,1
39555,1.0,1
54504,0.0,1
29892,0.0,0
51177,0.0,0
45392,1.0,1
13947,0.0,1
3767,0.0,1
50584,0.0,0
40588,1.0,1
44490,1.0,0
25461,1.0,1
3115,0.0,0
15413,1.0,1
24179,0.0,0
38468,0.0,0
10624,0.0,1
1868,0.0,1
24421,0.0,1
59657,1.0,1
56618,1.0,1
9200,0.0,1
53603,0.0,1
59505,0.0,1
8089,0.0,0
38549,0.0,0
40981,1.0,1
33415,0.0,1
14906,1.0,0
58897,1.0,1
42831,0.0,0
42163,0.0,1
30180,0.0,1
45000,0.0,0
62436,1.0,0
24116,0.0,0
48055,0.0,0
5935,0.0,1
13,0.0,1
52915,0.0,0
16302,0.0,0
141,1.0,0
57951,1.0,1
10448,0.0,0
59125,1.0,0
2501,1.0,0
36752,1.0,0
8467,0.0,1
30578,1.0,0
38323,1.0,0
4352,1.0,1
15236,0.0,0
64921,0.0,1
51733,0.0,0
12755,1.0,1
61433,1.0,1
41691,0.0,1
61355,0.0,1
21005,0.0,1
40867,1.0,0
5445,0.0,0
11779,1.0,0
37174,0.0,1
345,1.0,1
47210,1.0,0
12851,1.0,1
64169,1.0,1
51592,0.0,0
48169,0.0,0
68009,0.0,0
858,0.0,1
50748,1.0,0
10890,0.0,0
55737,0.0,0
7891,1.0,1
39967,0.0,1
2272,1.0,0
11087,0.0,0
69613,1.0,0
18132,0.0,0
21036,0.0,1
51223,1.0,1
43156,0.0,1
58210,1.0,1
58313,0.0,1
36859,1.0,0
24519,1.0,1
46368,1.0,0
25178,0.0,0
43910,0.0,0
48756,0.0,1
35136,1.0,1
13576,0.0,1
8322,0.0,1
20485,0.0,0
61370,1.0,0
16183,0.0,0
56995,1.0,1
16000,1.0,1
20994,0.0,0
52015,0.0,0
16028,0.0,0
43983,0.0,0
58913,0.0,1
1418,0.0,1
9740,0.0,1
16231,1.0,0
20042,0.0,1
16658,0.0,1
18583,1.0,0
32124,1.0,0
43226,0.0,1
26468,0.0,0
39439,0.0,1
23310,1.0,0
50996,0.0,1
47491,0.0,0
58468,1.0,1
24265,0.0,0
60162,0.0,0
17156,1.0,1
23170,1.0,1
31223,0.0,1
63686,1.0,1
53415,1.0,0
18819,0.0,1
64889,0.0,0
25306,0.0,0
45968,0.0,1
12791,0.0,1
61004,1.0,1
47354,0.0,0
25007,0.0,1
28222,1.0,0
24332,0.0,0
39859,1.0,1
1793,1.0,1
17411,1.0,1
33761,0.0,1
1861,0.0,1
32011,0.0,0
66898,1.0,0
35458,1.0,0
1117,0.0,1
29726,0.0,1
48672,1.0,1
38027,1.0,0
2601,0.0,0
13508,1.0,0
57263,0.0,1
58715,0.0,0
2079,0.0,1
55382,0.0,0
16297,1.0,0
45725,0.0,1
31548,0.0,1
33019,1.0,1
39757,0.0,1
8225,1.0,0
32810,0.0,0
10115,0.0,0
25522,0.0,1
38996,0.0,0
12644,1.0,1
53021,1.0,1
68063,0.0,1
34411,1.0,1
38520,1.0,1
42404,0.0,1
59388,1.0,1
18007,1.0,1
41064,0.0,1
10123,1.0,1
341,1.0,1
7131,0.0,1
15446,0.0,0
27179,1.0,0
6279,0.0,0
8992,0.0,0
30446,0.0,0
36804,1.0,1
31153,1.0,0
29605,0.0,0
32077,1.0,1
30177,0.0,1
55422,0.0,0
11066,0.0,0
59169,1.0,1
54083,0.0,1
16648,0.0,0
6594,0.0,0
31786,0.0,1
42488,1.0,1
26138,0.0,1
9339,0.0,0
32009,0.0,1
26541,0.0,1
38664,1.0,0
6446,0.0,1
42651,1.0,1
15635,1.0,0
35471,1.0,0
8035,1.0,1
7218,1.0,1
35364,0.0,1
38194,1.0,1
54628,0.0,1
46331,1.0,1
3268,0.0,1
5821,0.0,1
51848,1.0,0
25585,0.0,1
372,0.0,0
14606,1.0,1
25915,0.0,0
35100,0.0,1
53671,0.0,1
32186,1.0,0
32196,0.0,1
1082,0.0,1
23669,0.0,1
18023,0.0,0
17347,0.0,1
10406,0.0,1
14857,0.0,0
36730,1.0,0
41502,1.0,1
52953,1.0,1
18080,1.0,1
2841,0.0,1
41223,0.0,0
51988,0.0,1
32605,0.0,1
52088,0.0,1
5056,0.0,0
50022,0.0,1
56286,1.0,0
31919,0.0,0
1105,1.0,0
20233,1.0,1
9115,1.0,1
38723,0.0,0
52294,0.0,0
67004,0.0,1
13684,1.0,0
58091,0.0,0
14775,0.0,1
33741,1.0,0
9480,0.0,1
57929,1.0,0
55800,0.0,0
49348,0.0,0
54324,0.0,1
31435,0.0,1
44928,1.0,1
58885,0.0,0
29455,0.0,0
57248,0.0,0
26193,0.0,0
57585,1.0,0
28854,0.0,1
9963,0.0,1
21744,0.0,0
67793,0.0,1
26325,1.0,1
43531,1.0,1
24780,1.0,1
14903,1.0,1
39598,1.0,0
61786,0.0,1
50704,0.0,0
56343,1.0,1
11125,1.0,1
14778,0.0,1
3305,1.0,1
32288,0.0,1
35534,1.0,1
69413,1.0,0
11987,0.0,1
3480,0.0,1
7492,1.0,1
44029,0.0,0
68843,1.0,0
9254,0.0,0
6878,1.0,1
49939,0.0,1
38024,0.0,0
29407,1.0,0
49346,0.0,1
41,1.0,1
12328,0.0,1
54098,1.0,1
26953,0.0,0
2323,0.0,1
16143,1.0,1
7474,0.0,1
14809,0.0,0
66257,1.0,1
2764,1.0,0
31593,0.0,1
48032,0.0,0
27221,0.0,1
36743,1.0,1
48679,1.0,0
17657,1.0,1
27605,0.0,1
24280,0.0,1
41270,0.0,1
9719,0.0,1
30597,0.0,1
47762,1.0,1
31097,1.0,0
9986,1.0,0
48154,0.0,0
51855,1.0,0
3812,1.0,0
61878,0.0,1
1778,1.0,0
8960,0.0,1
57561,1.0,0
38667,0.0,1
22827,0.0,1
10668,1.0,1
22338,0.0,1
69319,1.0,0
69385,0.0,1
46002,0.0,1
60439,1.0,1
58203,1.0,0
13650,0.0,1
44926,0.0,1
26439,1.0,1
35928,0.0,1
48974,1.0,1
60899,1.0,0
68028,0.0,0
65221,1.0,1
35174,0.0,1
1265,0.0,1
51373,1.0,0
40467,0.0,0
15052,0.0,0
15696,1.0,1
32076,0.0,1
6868,0.0,1
38019,1.0,0
46847,1.0,0
49879,1.0,1
50769,0.0,1
17717,0.0,1
12007,1.0,0
9633,1.0,1
51533,1.0,1
843,1.0,1
6896,1.0,0
5971,0.0,1
2049,1.0,0
16186,1.0,1
48348,0.0,0
13641,0.0,1
54853,1.0,0
15695,1.0,1
18793,0.0,0
13221,0.0,0
29404,1.0,0
37079,0.0,1
18605,1.0,0
56365,1.0,0
39657,1.0,1
20455,0.0,1
61386,0.0,1
30860,0.0,1
37528,1.0,1
34685,1.0,1
2297,0.0,0
45936,0.0,0
16114,1.0,1
26912,0.0,0
17333,0.0,0
21910,1.0,1
19077,0.0,0
2133,1.0,1
28403,0.0,0
46740,1.0,1
45693,0.0,0
38950,0.0,1
9663,0.0,0
5207,0.0,1
36970,1.0,1
39052,0.0,0
66511,1.0,0
34602,0.0,0
30350,1.0,0
43044,1.0,1
20576,0.0,0
53560,0.0,0
62096,1.0,1
10117,0.0,1
39464,1.0,1
58139,1.0,0
55939,1.0,0
55212,0.0,0
38738,0.0,0
24835,0.0,1
55871,1.0,1
46974,1.0,0
12733,0.0,1
11649,0.0,0
15813,0.0,1
51906,1.0,1
61146,1.0,1
57086,1.0,1
42437,1.0,1
805,1.0,1
2040,0.0,1
38883,1.0,0
48555,0.0,1
10465,1.0,1
827,1.0,0
23003,0.0,1
14511,1.0,0
49235,1.0,0
11565,0.0,0
39622,0.0,1
8707,1.0,1
2325,0.0,0
47737,1.0,0
39214,1.0,0
64497,0.0,1
41727,1.0,0
10642,1.0,0
52449,0.0,0
66353,0.0,0
24708,0.0,1
25988,0.0,1
29328,0.0,1
32996,0.0,1
43707,0.0,0
43147,0.0,1
15816,0.0,0
24970,1.0,1
42355,1.0,0
53711,0.0,1
32333,1.0,0
34083,1.0,1
23513,0.0,0
61388,1.0,1
44705,0.0,1
15540,1.0,0
13198,0.0,1
16658,0.0,1
36563,0.0,0
20517,0.0,1
50167,0.0,0
54508,0.0,1
10049,0.0,0
3373,0.0,1
59172,1.0,0
613,0.0,0
58132,1.0,0
37832,0.0,0
41222,1.0,1
55235,1.0,1
53335,0.0,0
34349,0.0,1
8925,0.0,1
50122,0.0,0
55502,0.0,1
46346,1.0,0
49240,1.0,0
62578,0.0,1
49610,0.0,1
50236,0.0,1
32181,0.0,0
13087,0.0,0
29026,0.0,1
6395,1.0,0
49402,0.0,1
48516,1.0,0
26697,0.0,1
69636,0.0,1
23485,0.0,1
37842,0.0,0
41326,0.0,1
7644,1.0,1
31810,0.0,0
27910,0.0,1
20470,0.0,0
9827,0.0,0
47244,0.0,0
21611,1.0,1
51253,0.0,1
19675,0.0,1
54371,0.0,1
58547,1.0,1
59825,0.0,0
47532,1.0,1
49105,0.0,1
22413,0.0,0
20350,0.0,0
12508,0.0,0
54727,0.0,0
39594,1.0,0
44000,0.0,1
5229,0.0,1
13924,0.0,0
29801,0.0,1
9995,0.0,0
52665,1.0,0
31895,0.0,1
35336,1.0,1
41616,0.0,1
47256,0.0,0
52213,1.0,0
39540,0.0,0
38419,0.0,1
66056,0.0,0
14967,1.0,0
56071,0.0,0
30978,0.0,0
61477,0.0,1
54984,0.0,1
51077,0.0,1
52889,1.0,1
9109,0.0,0
32445,1.0,0
9124,0.0,1
19779,0.0,1
52425,1.0,0
42523,0.0,1
39520,0.0,0
32899,1.0,1
23241,0.0,1
40532,0.0,1
42030,0.0,0
55059,1.0,1
1845,0.0,0
4009,1.0,0
68117,1.0,1
10969,0.0,1
65282,0.0,1
5162,0.0,1
63535,1.0,1
3537,0.0,1
31144,0.0,1
47556,0.0,1
10623,1.0,1
26432,0.0,0
59128,0.0,1
22524,0.0,1
22528,0.0,0
3216,0.0,1
7167,0.0,0
62370,1.0,0
3044,1.0,1
1992,0.0,1
31290,1.0,1
30380,1.0,1
43627,0.0,1
914,0.0,0
15376,1.0,0
49765,0.0,1
42470,0.0,0
9319,1.0,1
7783,0.0,0
10320,0.0,0
63819,1.0,1
22349,0.0,0
9484,0.0,1
69327,0.0,1
729,0.0,0
29864,0.0,1
20957,0.0,1
19988,0.0,1
1242,1.0,0
20955,0.0,1
47114,0.0,0
56663,0.0,1
57215,0.0,1
32347,0.0,1
23671,0.0,1
43939,0.0,0
66589,1.0,0
56500,0.0,0
33878,0.0,1
45545,1.0,1
5473,0.0,0
49906,0.0,1
47598,0.0,0
24947,1.0,1
2014,0.0,0
50437,0.0,0
26016,0.0,0
43342,0.0,0
41364,1.0,1
5324,0.0,1
14925,1.0,0
11940,1.0,0
53915,0.0,1
46244,1.0,1
23736,0.0,0
6982,0.0,0
28904,0.0,0
20261,0.0,1
7359,0.0,1
63408,1.0,1
26787,1.0,0
3871,1.0,1
3991,0.0,0
52085,1.0,0
11055,0.0,1
59056,1.0,0
43986,0.0,1
20623,0.0,1
14179,0.0,1
47507,1.0,1
8808,0.0,1
34450,0.0,0
59147,0.0,1
38394,1.0,1
38248,0.0,1
1270,0.0,0
29467,0.0,1
56424,1.0,0
42194,0.0,1
3690,0.0,1
36480,0.0,0
3082,0.0,1
39161,1.0,0
12267,0.0,1
54782,0.0,1
7487,0.0,1
46887,0.0,0
36694,1.0,0
15215,0.0,1
7658,0.0,0
8675,0.0,1
21357,0.0,1
24113,0.0,1
68369,1.0,0
22404,1.0,0
42400,0.0,0
4290,1.0,0
43872,0.0,1
44402,1.0,0
33214,1.0,1
21890,1.0,1
25995,1.0,1
21391,1.0,0
56452,1.0,0
3657,0.0,1
42580,0.0,0
40519,1.0,1
12185,0.0,1
43132,0.0,0
30581,0.0,1
24084,0.0,0
11246,0.0,1
30316,1.0,0
35704,0.0,0
58261,1.0,1
8795,0.0,1
11192,1.0,1
44261,1.0,1
11504,0.0,1
11294,1.0,1
8284,1.0,1
16250,0.0,1
33563,1.0,0
10681,1.0,0
7849,0.0,1
37469,0.0,0
10165,0.0,0
30548,0.0,1
22241,0.0,0
13412,0.0,0
28300,0.0,1
54457,1.0,0
6602,0.0,0
54936,0.0,0
1853,0.0,1
51195,0.0,0
23341,0.0,0
2535,0.0,1
64147,0.0,1
62944,1.0,1
17393,1.0,1
29022,1.0,0
14385,1.0,1
35255,0.0,1
25882,0.0,0
53749,0.0,0
24013,0.0,0
64140,0.0,0
11028,0.0,0
8489,1.0,0
3901,1.0,1
16240,0.0,0
33033,0.0,0
29855,0.0,0
9080,0.0,0
44820,1.0,1
22332,1.0,0
58509,0.0,0
50768,0.0,1
28395,0.0,0
12048,1.0,1
56865,1.0,1
31170,0.0,1
28444,1.0,1
54291,1.0,1
60482,1.0,1
39290,0.0,0
57655,1.0,0
40273,0.0,1
36781,1.0,1
34857,1.0,0
33081,0.0,1
31031,1.0,0
35778,0.0,0
41617,0.0,1
46755,1.0,0
19503,0.0,1
34449,0.0,1
4875,1.0,1
52971,0.0,1
52242,1.0,0
5927,1.0,1
35584,0.0,1
36312,1.0,1
58799,1.0,0
10715,0.0,1
54728,1.0,0
4888,1.0,0
62883,1.0,1
3279,0.0,1
16221,1.0,0
1963,0.0,0
33553,1.0,1
22389,0.0,1
30660,1.0,1
54413,0.0,1
50563,1.0,1
12158,0.0,0
62191,0.0,1
55570,1.0,1
45801,0.0,1
15765,0.0,0
42958,0.0,1
39283,0.0,0
7308,0.0,1
16370,0.0,0
48141,1.0,1
51776,1.0,0
60083,0.0,1
29082,1.0,1
23817,0.0,1
17055,0.0,0
66346,0.0,1
25707,1.0,0
18446,1.0,1
13098,1.0,1
23355,0.0,1
1106,1.0,0
11933,0.0,1
12011,1.0,1
23105,0.0,1
20912,1.0,0
32427,1.0,1
26082,1.0,0
7966,1.0,0
19785,1.0,1
33058,1.0,1
5539,0.0,1
67226,0.0,1
55557,1.0,1
47817,1.0,0
53993,1.0,1
9724,1.0,0
51893,0.0,1
46195,0.0,0
8190,0.0,0
55990,1.0,1
50197,1.0,0
60258,0.0,0
25310,0.0,0
60546,0.0,0
68902,1.0,1
9949,1.0,1
38029,1.0,0
43785,0.0,0
32332,1.0,0
35520,1.0,0
37930,1.0,0
30839,1.0,0
33890,1.0,1
69210,0.0,1
38241,0.0,0
28348,0.0,1
13107,0.0,0
44882,1.0,0
24802,0.0,0
68663,1.0,0
67284,1.0,0
14091,1.0,0
49248,0.0,1
17555,0.0,0
13442,1.0,0
23537,0.0,1
5605,1.0,1
44807,1.0,0
43429,0.0,1
54204,1.0,1
25882,0.0,0
51719,1.0,1
65172,1.0,0
46609,0.0,1
16253,0.0,0
49561,1.0,0
44832,0.0,0
32864,1.0,1
31439,0.0,0
30156,0.0,1
50618,0.0,1
57625,0.0,0
45015,0.0,0
28151,1.0,0
37252,0.0,0
27612,0.0,1
46115,0.0,0
5129,0.0,0
52977,0.0,1
52403,1.0,0
60087,1.0,1
39895,1.0,1
11890,0.0,1
50220,0.0,0
13488,1.0,1
28942,0.0,1
19375,1.0,0
6387,0.0,0
43000,1.0,1
46487,0.0,1
56522,1.0,1
43364,1.0,1
28181,0.0,0
48171,0.0,1
51010,1.0,0
33965,1.0,1
55812,1.0,1
14326,0.0,1
63719,1.0,1
7000,1.0,1
23974,0.0,0
32638,1.0,0
8,1.0,1
5752,0.0,1
25486,0.0,0
18353,0.0,1
26387,1.0,1
51121,0.0,0
48077,0.0,0
43600,0.0,1
59234,0.0,0
56634,0.0,1
39384,0.0,1
45710,0.0,1
42094,0.0,1
16184,0.0,0
45376,1.0,1
58068,1.0,1
44913,0.0,1
50304,0.0,0
1612,1.0,1
10839,1.0,1
7532,1.0,1
29363,1.0,0
32009,0.0,0
49544,0.0,1
32259,0.0,1
30271,1.0,0
28400,1.0,0
66395,1.0,1
10588,0.0,0
33758,0.0,1
67962,1.0,0
34289,0.0,0
5576,1.0,1
5468,0.0,1
11310,0.0,1
47091,0.0,0
43335,1.0,1
65019,1.0,0
29997,0.0,1
33369,1.0,1
38944,0.0,0
5326,0.0,1
49134,0.0,1
3521,0.0,0
26661,0.0,1
66413,1.0,1
30199,0.0,1
4954,1.0,1
53742,0.0,1
17709,0.0,1
40845,0.0,0
813,0.0,0
61121,1.0,1
23701,0.0,1
51054,1.0,1
1552,0.0,1
31152,0.0,1
42953,0.0,0
43128,1.0,1
18266,0.0,0
13818,0.0,1
11558,1.0,1
19959,1.0,0
906,1.0,1
41931,1.0,1
41556,1.0,0
4822,0.0,1
63071,0.0,0
31951,0.0,0
31209,0.0,0
63341,1.0,1
35792,0.0,1
18868,1.0,0
17573,0.0,1
840,1.0,1
3945,0.0,0
40630,0.0,1
18421,0.0,0
3525,1.0,1
10432,1.0,1
11116,1.0,1
32853,0.0,1
36874,0.0,0
7944,0.0,1
65405,0.0,1
48006,0.0,0
10214,1.0,1
56252,1.0,0
20782,1.0,1
21691,1.0,0
27632,1.0,0
28787,0.0,0
47163,0.0,1
26046,1.0,1
16465,0.0,1
49823,0.0,1
33370,1.0,0
44044,1.0,0
35169,1.0,1
66776,1.0,0
65502,1.0,1
57029,1.0,0
41171,0.0,1
68015,1.0,0
56035,0.0,0
33961,0.0,1
52033,1.0,1
47968,0.0,1
55075,0.0,1
34680,0.0,1
8157,0.0,1
21657,0.0,0
44709,1.0,0
32494,1.0,0
65263,1.0,1
35507,0.0,1
706,0.0,0
50041,1.0,0
68594,1.0,1
68854,1.0,1
39997,0.0,0
42982,1.0,1
20340,0.0,1
5283,0.0,1
27892,0.0,1
29414,0.0,0
58485,1.0,0
13334,1.0,0
31138,0.0,0
43809,0.0,0
52819,1.0,0
17233,1.0,0
12806,1.0,0
48942,0.0,0
39996,0.0,1
17465,0.0,1
714,0.0,0
42058,1.0,0
9912,0.0,1
34868,0.0,0
59530,1.0,0
57792,1.0,1
56640,1.0,1
15017,1.0,0
53708,1.0,1
10426,1.0,1
3859,1.0,0
20592,0.0,0
68375,1.0,0
20039,1.0,0
64494,1.0,0
1185,0.0,1
17908,0.0,1
52426,0.0,1
41552,0.0,1
52762,1.0,0
35892,1.0,1
28025,1.0,0
55416,0.0,0
14997,0.0,1
25667,0.0,1
44166,0.0,0
50893,1.0,0
10975,1.0,1
38184,0.0,0
31601,0.0,0
31167,0.0,0
51126,0.0,1
58440,0.0,0
65088,0.0,1
26821,0.0,0
25599,0.0,1
3369,0.0,1
33587,1.0,0
22318,0.0,1
67681,0.0,1
49145,1.0,0
47206,0.0,0
22377,0.0,0
47663,1.0,0
